Comment,Designator,Footprint,LCSC Part #
100nF,"C1,C5,C6,C9,C10,C11,C12,C13,C14,C15",C_0402_1005Metric,C1525
15pF,"C2,C3",C_0402_1005Metric,C1548
1uF,"C4,C8,C16,C17",C_0402_1005Metric,C52923
10uF,C7,C_0402_1005Metric,C15525
SS34,D1,D_SMA,C8678
500mA,"F1,F2",Fuse_1206_3216Metric,C70076
USB_C_Receptacle_USB2.0,J1,USB_C_Receptacle_HRO_TYPE-C-31-M-12,C165948
HC-FPC-0.5-20P-FH20,J6,FPC-SMD_20P-P0.50_HC-FPC-0.5-20P-FH20,C19273932
HC-FPC-0.5-14P-FH20,J8,FPC-SMD_14P-P0.50_HC-FPC-0.5-14P-FH20,C19273929
USB-C split link,J9,USB_C_Receptacle_HRO_TYPE-C-31-M-12,C165948
1k,"R1,R2,R7",R_0402_1005Metric,C11702
5k1,"R3,R4",R_0402_1005Metric,C25905
27R,"R5,R6",R_0603_1608Metric,C25190
BOOTSEL,SW1,SW_Push_1P1T_XKB_TS-1187A,C318884
RESET,SW2,SW_Push_1P1T_XKB_TS-1187A,C318884
W25Q128JVS,U1,SOIC-8_5.23x5.23mm_P1.27mm,C131025
USBLC6-2SC6,U2,SOT-23-6,C2827654
RP2040,U3,RP2040-QFN-56,C2040
XC6206PxxxMR-Regulator_Linear,U4,SOT-23,C5446
12MHz,Y1,Crystal_SMD_3225-4Pin_3.2x2.5mm,C20625731
