Designator,Mid X,Mid Y,Layer,Rotation
C1,204.2000mm,-61.6000mm,Bottom,180.0
C2,207.0770mm,-85.4701mm,Bottom,-90.0
C3,200.3743mm,-85.2161mm,Bottom,90.0
C4,198.5963mm,-67.8171mm,Bottom,90.0
C5,199.9000mm,-66.0000mm,Bottom,90.0
C6,198.9490mm,-81.6444mm,Bottom,-90.0
C7,193.6000mm,-50.9000mm,Bottom,0.0
C8,197.5803mm,-67.8171mm,Bottom,90.0
C9,194.8850mm,-70.5954mm,Bottom,180.0
C10,200.4730mm,-81.6444mm,Bottom,-90.0
C11,194.0560mm,-76.9770mm,Bottom,-135.0
C12,207.6133mm,-76.1991mm,Bottom,-45.0
C13,201.3620mm,-66.0234mm,Bottom,90.0
C14,194.8850mm,-69.0714mm,Bottom,180.0
C15,206.5973mm,-70.3571mm,Bottom,90.0
C16,190.4000mm,-47.4000mm,Bottom,90.0
C17,193.6000mm,-52.2000mm,Bottom,180.0
D1,209.8000mm,-46.9000mm,Bottom,0.0
F1,208.6000mm,-50.6000mm,Bottom,0.0
F2,187.4000mm,-65.8000mm,Bottom,0.0
J1,200.5000mm,-47.4300mm,Bottom,0.0
J6,188.6000mm,-86.8000mm,Bottom,90.0
J8,196.5000mm,-97.4000mm,Bottom,180.0
J9,216.5700mm,-74.0000mm,Bottom,-90.0
R1,210.9000mm,-61.4000mm,Bottom,-90.0
R2,216.0000mm,-62.2000mm,Bottom,180.0
R3,197.8000mm,-54.4000mm,Bottom,-90.0
R4,196.5000mm,-54.4000mm,Bottom,-90.0
R5,201.0500mm,-63.0000mm,Bottom,-90.0
R6,199.3500mm,-63.0000mm,Bottom,-90.0
R7,202.5050mm,-81.6444mm,Bottom,90.0
SW1,188.6000mm,-60.0000mm,Bottom,180.0
SW2,216.0000mm,-57.0000mm,Bottom,90.0
U1,207.3000mm,-65.4000mm,Bottom,180.0
U2,200.5000mm,-56.0000mm,Bottom,90.0
U3,201.3620mm,-74.0561mm,Bottom,180.0
U4,193.2000mm,-47.4000mm,Bottom,90.0
Y1,203.6480mm,-85.2004mm,Bottom,0.0
